active_clients,local_steps,method,staleness,staleness_weight,step,time,train_loss
5,2,FedAvg-5clients,,,1,1,7.872139823436737
5,2,FedAvg-5clients,,,2,2,4.0299343943595884
5,2,FedAvg-5clients,,,3,3,2.938314664363861
5,2,FedAvg-5clients,,,4,4,2.0751289933919908
5,2,FedAvg-5clients,,,5,5,1.3999272733926773
5,2,FedAvg-5clients,,,6,6,1.0619460009038448
5,2,FedAvg-5clients,,,7,7,0.7801470048725605
5,2,FedAvg-5clients,,,8,8,0.5351064305752515
5,2,FedAvg-5clients,,,9,9,0.40997674986720084
5,2,FedAvg-5clients,,,10,10,0.3114781554788351
5,2,FedAvg-5clients,,,11,11,0.19996029753237962
5,2,FedAvg-5clients,,,12,12,0.15472616944462061
5,2,FedAvg-5clients,,,13,13,0.1258947086520493
5,2,FedAvg-5clients,,,14,14,0.09310430688783526
5,2,FedAvg-5clients,,,15,15,0.0708992344327271
5,2,FedAvg-5clients,,,16,16,0.05374974315054715
5,2,FedAvg-5clients,,,17,17,0.04330954565666616
5,2,FedAvg-5clients,,,18,18,0.03237332878634334
5,2,FedAvg-5clients,,,19,19,0.02485424585174769
5,2,FedAvg-5clients,,,20,20,0.016984411561861635
5,2,FedAvg-5clients,,,21,21,0.01320160054601729
5,2,FedAvg-5clients,,,22,22,0.010908991878386587
5,2,FedAvg-5clients,,,23,23,0.008915880275890232
5,2,FedAvg-5clients,,,24,24,0.0063706714543513955
5,2,FedAvg-5clients,,,25,25,0.005267635837662965
5,2,FedAvg-5clients,,,26,26,0.004460054566152394
5,2,FedAvg-5clients,,,27,27,0.0036553837737301363
5,2,FedAvg-5clients,,,28,28,0.003067018574802205
5,2,FedAvg-5clients,,,29,29,0.002576083882013336
5,2,FedAvg-5clients,,,30,30,0.002100738388253376
5,2,FedAvg-5clients,,,31,31,0.0019130781904095784
5,2,FedAvg-5clients,,,32,32,0.0016505202176631429
5,2,FedAvg-5clients,,,33,33,0.0014629022145527415
5,2,FedAvg-5clients,,,34,34,0.0013107168168062344
5,2,FedAvg-5clients,,,35,35,0.0012018860565149226
5,2,FedAvg-5clients,,,36,36,0.0011658177725621499
5,2,FedAvg-5clients,,,37,37,0.0011336694835335948
5,2,FedAvg-5clients,,,38,38,0.001100026717176661
5,2,FedAvg-5clients,,,39,39,0.0010529744642553851
5,2,FedAvg-5clients,,,40,40,0.0010111051713465713
10,2,FedAvg-10clients,,,1,1,7.049398910999298
10,2,FedAvg-10clients,,,2,2,5.352030700445175
10,2,FedAvg-10clients,,,3,3,3.514556038379669
10,2,FedAvg-10clients,,,4,4,2.605225941538811
10,2,FedAvg-10clients,,,5,5,1.7914474040269852
10,2,FedAvg-10clients,,,6,6,1.29436002522707
10,2,FedAvg-10clients,,,7,7,1.050598905980587
10,2,FedAvg-10clients,,,8,8,0.8006811276078224
10,2,FedAvg-10clients,,,9,9,0.6078641138970852
10,2,FedAvg-10clients,,,10,10,0.4591924864798784
10,2,FedAvg-10clients,,,11,11,0.3481121327728033
10,2,FedAvg-10clients,,,12,12,0.25842083618044853
10,2,FedAvg-10clients,,,13,13,0.17667582146823407
10,2,FedAvg-10clients,,,14,14,0.14098755065351726
10,2,FedAvg-10clients,,,15,15,0.10897801648825407
10,2,FedAvg-10clients,,,16,16,0.08385533895343542
10,2,FedAvg-10clients,,,17,17,0.0678987025283277
10,2,FedAvg-10clients,,,18,18,0.052328787231817844
10,2,FedAvg-10clients,,,19,19,0.0404081953689456
10,2,FedAvg-10clients,,,20,20,0.03301736246794462
10,2,FedAvg-10clients,,,21,21,0.024217299907468258
10,2,FedAvg-10clients,,,22,22,0.01953991879709065
10,2,FedAvg-10clients,,,23,23,0.014814870618283748
10,2,FedAvg-10clients,,,24,24,0.011411167611368001
10,2,FedAvg-10clients,,,25,25,0.009006730618420989
10,2,FedAvg-10clients,,,26,26,0.0073462395230308175
10,2,FedAvg-10clients,,,27,27,0.0058602372999303045
10,2,FedAvg-10clients,,,28,28,0.004614604846574366
10,2,FedAvg-10clients,,,29,29,0.0036714470479637384
10,2,FedAvg-10clients,,,30,30,0.0029383958433754744
10,2,FedAvg-10clients,,,31,31,0.002291728393174708
10,2,FedAvg-10clients,,,32,32,0.0019062314211623743
10,2,FedAvg-10clients,,,33,33,0.0016759485326474533
10,2,FedAvg-10clients,,,34,34,0.0015107662562513723
10,2,FedAvg-10clients,,,35,35,0.0013562529435148462
10,2,FedAvg-10clients,,,36,36,0.0012373900637612679
10,2,FedAvg-10clients,,,37,37,0.001186009457160253
10,2,FedAvg-10clients,,,38,38,0.0011247223868849688
10,2,FedAvg-10clients,,,39,39,0.00107568581297528
10,2,FedAvg-10clients,,,40,40,0.0010317490465240552
20,2,FedAvg-20clients,,,1,1,7.6946832776069645
20,2,FedAvg-20clients,,,2,2,5.360512614250183
20,2,FedAvg-20clients,,,3,3,3.774274480342865
20,2,FedAvg-20clients,,,4,4,2.6293216973543165
20,2,FedAvg-20clients,,,5,5,1.8161528915166856
20,2,FedAvg-20clients,,,6,6,1.3289675623178483
20,2,FedAvg-20clients,,,7,7,1.0349711813032627
20,2,FedAvg-20clients,,,8,8,0.757422859966755
20,2,FedAvg-20clients,,,9,9,0.5613640889525413
20,2,FedAvg-20clients,,,10,10,0.4421681955456734
20,2,FedAvg-20clients,,,11,11,0.3153165984898806
20,2,FedAvg-20clients,,,12,12,0.2417472019791603
20,2,FedAvg-20clients,,,13,13,0.17668237760663033
20,2,FedAvg-20clients,,,14,14,0.13352761566638946
20,2,FedAvg-20clients,,,15,15,0.10282744448632002
20,2,FedAvg-20clients,,,16,16,0.07724432032555342
20,2,FedAvg-20clients,,,17,17,0.058875928865745664
20,2,FedAvg-20clients,,,18,18,0.044283486902713776
20,2,FedAvg-20clients,,,19,19,0.03149138777516782
20,2,FedAvg-20clients,,,20,20,0.024498372012749313
20,2,FedAvg-20clients,,,21,21,0.018624786171130836
20,2,FedAvg-20clients,,,22,22,0.014037785993423313
20,2,FedAvg-20clients,,,23,23,0.01068623982137069
20,2,FedAvg-20clients,,,24,24,0.008384391269646584
20,2,FedAvg-20clients,,,25,25,0.006578736915253102
20,2,FedAvg-20clients,,,26,26,0.0051418744318652895
20,2,FedAvg-20clients,,,27,27,0.003976883267750963
20,2,FedAvg-20clients,,,28,28,0.0032400014315498993
20,2,FedAvg-20clients,,,29,29,0.0027420757745858283
20,2,FedAvg-20clients,,,30,30,0.0022736430517397823
20,2,FedAvg-20clients,,,31,31,0.0019523831317201257
20,2,FedAvg-20clients,,,32,32,0.0016952547288383358
20,2,FedAvg-20clients,,,33,33,0.0015030107868369668
20,2,FedAvg-20clients,,,34,34,0.0013807063107378781
20,2,FedAvg-20clients,,,35,35,0.0012686245172517374
20,2,FedAvg-20clients,,,36,36,0.0011933024405152536
20,2,FedAvg-20clients,,,37,37,0.0011314589180983603
20,2,FedAvg-20clients,,,38,38,0.0010890201621805318
20,2,FedAvg-20clients,,,39,39,0.0010492284505744464
20,2,FedAvg-20clients,,,40,40,0.00102189692115644
,1,AsyncSGD,0,1.0,1,1,10.146973216533661
,1,AsyncSGD,1,0.5,2,2,8.663269650936126
,1,AsyncSGD,2,0.3333333333333333,3,3,8.197791039943695
,1,AsyncSGD,2,0.3333333333333333,4,3,7.841172599792481
,1,AsyncSGD,4,0.2,5,4,7.279891175031662
,1,AsyncSGD,2,0.3333333333333333,6,4,6.615799981355667
,1,AsyncSGD,6,0.14285714285714285,7,5,6.546344983577728
,1,AsyncSGD,7,0.125,8,5,6.5092513859272
,1,AsyncSGD,8,0.1111111111111111,9,5,6.442437809705734
,1,AsyncSGD,7,0.125,10,5,6.329571169614792
,1,AsyncSGD,4,0.2,11,5,6.211602652072907
,1,AsyncSGD,11,0.08333333333333333,12,6,6.065017372369766
,1,AsyncSGD,3,0.25,13,6,5.88224493265152
,1,AsyncSGD,8,0.1111111111111111,14,7,5.839850151538849
,1,AsyncSGD,2,0.3333333333333333,15,7,5.735205596685409
,1,AsyncSGD,11,0.08333333333333333,16,8,5.709669506549835
,1,AsyncSGD,8,0.1111111111111111,17,8,5.663519614934922
,1,AsyncSGD,7,0.125,18,10,5.560457533597946
,1,AsyncSGD,11,0.08333333333333333,19,11,5.521356356143952
,1,AsyncSGD,8,0.1111111111111111,20,11,5.469944941997528
,1,AsyncSGD,7,0.125,21,11,5.42762850522995
,1,AsyncSGD,6,0.14285714285714285,22,11,5.338394993543625
,1,AsyncSGD,8,0.1111111111111111,23,12,5.2855317950248715
,1,AsyncSGD,5,0.16666666666666666,24,13,5.232070064544677
,1,AsyncSGD,4,0.2,25,13,5.20693975687027
,1,AsyncSGD,9,0.1,26,14,5.106838589906692
,1,AsyncSGD,9,0.1,27,14,5.079540640115738
,1,AsyncSGD,8,0.1111111111111111,28,15,5.022987657785416
,1,AsyncSGD,5,0.16666666666666666,29,15,4.945069354772568
,1,AsyncSGD,3,0.25,30,15,4.781476300954819
,1,AsyncSGD,8,0.1111111111111111,31,16,4.731124711036682
,1,AsyncSGD,2,0.3333333333333333,32,16,4.6319721162319185
,1,AsyncSGD,11,0.08333333333333333,33,17,4.584107154607773
,1,AsyncSGD,8,0.1111111111111111,34,17,4.539698439836502
,1,AsyncSGD,10,0.09090909090909091,35,18,4.490474474430084
,1,AsyncSGD,8,0.1111111111111111,36,18,4.433046352863312
,1,AsyncSGD,2,0.3333333333333333,37,18,4.332322180271149
,1,AsyncSGD,7,0.125,38,19,4.300769686698914
,1,AsyncSGD,10,0.09090909090909091,39,20,4.271474009752273
,1,AsyncSGD,8,0.1111111111111111,40,20,4.205532121658325
,1,AsyncSGD,8,0.1111111111111111,41,20,4.178147396445274
,1,AsyncSGD,5,0.16666666666666666,42,20,4.086123242974281
,1,AsyncSGD,0,1.0,43,21,3.6150898545980454
,1,AsyncSGD,10,0.09090909090909091,44,22,3.5749397546052935
,1,AsyncSGD,9,0.1,45,23,3.5405602037906645
,1,AsyncSGD,8,0.1111111111111111,46,23,3.5084490150213243
,1,AsyncSGD,8,0.1111111111111111,47,23,3.4967079758644104
,1,AsyncSGD,8,0.1111111111111111,48,23,3.4509927451610567
,1,AsyncSGD,5,0.16666666666666666,49,24,3.442025935649872
,1,AsyncSGD,9,0.1,50,26,3.426417189836502
,1,AsyncSGD,9,0.1,51,26,3.3902526974678038
,1,AsyncSGD,6,0.14285714285714285,52,26,3.367260354757309
,1,AsyncSGD,4,0.2,53,26,3.3176922261714936
,1,AsyncSGD,7,0.125,54,27,3.3011650145053864
,1,AsyncSGD,4,0.2,55,27,3.269260573387146
,1,AsyncSGD,3,0.25,56,27,3.1633761405944822
,1,AsyncSGD,3,0.25,57,27,3.0901776909828187
,1,AsyncSGD,13,0.07142857142857142,58,28,3.024208575487137
,1,AsyncSGD,11,0.08333333333333333,59,28,3.0140600144863128
,1,AsyncSGD,10,0.09090909090909091,60,29,2.9777219861745836
,1,AsyncSGD,6,0.14285714285714285,61,29,2.9309788584709167
,1,AsyncSGD,3,0.25,62,29,2.8329282641410827
,1,AsyncSGD,3,0.25,63,29,2.7895058155059815
,1,AsyncSGD,8,0.1111111111111111,64,30,2.7847923070192335
,1,AsyncSGD,8,0.1111111111111111,65,30,2.7835282176733016
,1,AsyncSGD,14,0.06666666666666667,66,31,2.775219264626503
,1,AsyncSGD,5,0.16666666666666666,67,31,2.7436096012592315
,1,AsyncSGD,5,0.16666666666666666,68,31,2.7021579295396805
,1,AsyncSGD,11,0.08333333333333333,69,33,2.692852622270584
,1,AsyncSGD,9,0.1,70,33,2.6806655824184418
,1,AsyncSGD,7,0.125,71,33,2.655506381392479
,1,AsyncSGD,5,0.16666666666666666,72,34,2.604278939962387
,1,AsyncSGD,5,0.16666666666666666,73,34,2.5705047279596327
,1,AsyncSGD,8,0.1111111111111111,74,35,2.5374030083417893
,1,AsyncSGD,3,0.25,75,35,2.483229896426201
,1,AsyncSGD,3,0.25,76,35,2.3931893944740295
,1,AsyncSGD,12,0.07692307692307693,77,36,2.382087716460228
,1,AsyncSGD,9,0.1,78,37,2.3535154104232787
,1,AsyncSGD,2,0.3333333333333333,79,37,2.26957311630249
,1,AsyncSGD,9,0.1,80,38,2.260464772582054
,1,AsyncSGD,5,0.16666666666666666,81,38,2.225724422931671
,1,AsyncSGD,12,0.07692307692307693,82,39,2.20479054749012
,1,AsyncSGD,9,0.1,83,39,2.1729543626308443
,1,AsyncSGD,9,0.1,84,41,2.1610179468989372
,1,AsyncSGD,7,0.125,85,41,2.1453440591692923
,1,AsyncSGD,7,0.125,86,41,2.1184767469763757
,1,AsyncSGD,5,0.16666666666666666,87,41,2.100238212943077
,1,AsyncSGD,8,0.1111111111111111,88,42,2.0965477615594863
,1,AsyncSGD,5,0.16666666666666666,89,42,2.0842517092823982
,1,AsyncSGD,4,0.2,90,42,2.056289482116699
,1,AsyncSGD,4,0.2,91,42,2.028028756380081
,1,AsyncSGD,11,0.08333333333333333,92,43,2.021072718501091
,1,AsyncSGD,8,0.1111111111111111,93,43,1.9801371693611145
,1,AsyncSGD,11,0.08333333333333333,94,44,1.9767575845122338
,1,AsyncSGD,7,0.125,95,45,1.9657425209879875
,1,AsyncSGD,6,0.14285714285714285,96,45,1.938287614285946
,1,AsyncSGD,6,0.14285714285714285,97,45,1.9177952721714973
,1,AsyncSGD,6,0.14285714285714285,98,45,1.9088501885533333
,1,AsyncSGD,5,0.16666666666666666,99,45,1.8869291052222252
,1,AsyncSGD,7,0.125,100,46,1.8725172951817513
,1,AsyncSGD,2,0.3333333333333333,101,46,1.844866743683815
,1,AsyncSGD,13,0.07142857142857142,102,47,1.8241122156381606
,1,AsyncSGD,7,0.125,103,47,1.806276060640812
,1,AsyncSGD,7,0.125,104,47,1.791926495730877
,1,AsyncSGD,7,0.125,105,47,1.7845225289463997
,1,AsyncSGD,6,0.14285714285714285,106,48,1.7498728096485139
,1,AsyncSGD,6,0.14285714285714285,107,48,1.739077177643776
,1,AsyncSGD,4,0.2,108,48,1.7180294275283814
,1,AsyncSGD,4,0.2,109,49,1.712279959022999
,1,AsyncSGD,15,0.0625,110,50,1.7027410835027694
,1,AsyncSGD,5,0.16666666666666666,111,50,1.6960332170128822
,1,AsyncSGD,5,0.16666666666666666,112,50,1.686023233830929
,1,AsyncSGD,4,0.2,113,50,1.666083489358425
,1,AsyncSGD,12,0.07692307692307693,114,51,1.6535512030124664
,1,AsyncSGD,7,0.125,115,51,1.642315348982811
,1,AsyncSGD,6,0.14285714285714285,116,51,1.5938127294182778
,1,AsyncSGD,6,0.14285714285714285,117,51,1.5899016752839088
,1,AsyncSGD,5,0.16666666666666666,118,51,1.5868058696389198
,1,AsyncSGD,16,0.058823529411764705,119,52,1.5796949967741967
,1,AsyncSGD,5,0.16666666666666666,120,52,1.5722807332873345
,1,AsyncSGD,5,0.16666666666666666,121,52,1.537344227731228
,1,AsyncSGD,10,0.09090909090909091,122,54,1.5198101490736007
,1,AsyncSGD,9,0.1,123,54,1.5052048936486244
,1,AsyncSGD,5,0.16666666666666666,124,55,1.4880553394556046
,1,AsyncSGD,5,0.16666666666666666,125,55,1.4726710498332978
,1,AsyncSGD,2,0.3333333333333333,126,55,1.4563885927200317
,1,AsyncSGD,10,0.09090909090909091,127,56,1.4499957293272019
,1,AsyncSGD,7,0.125,128,56,1.4442037716507912
,1,AsyncSGD,11,0.08333333333333333,129,57,1.44064349681139
,1,AsyncSGD,7,0.125,130,57,1.4340300798416137
,1,AsyncSGD,6,0.14285714285714285,131,57,1.4175642400979995
,1,AsyncSGD,10,0.09090909090909091,132,58,1.4030044004321098
,1,AsyncSGD,7,0.125,133,58,1.3880221500992775
,1,AsyncSGD,7,0.125,134,59,1.3848358049988747
,1,AsyncSGD,5,0.16666666666666666,135,59,1.3734023317694664
,1,AsyncSGD,3,0.25,136,59,1.3585896015167236
,1,AsyncSGD,9,0.1,137,60,1.3447892785072326
,1,AsyncSGD,3,0.25,138,60,1.3177761003375053
,1,AsyncSGD,10,0.09090909090909091,139,61,1.3016801729798317
,1,AsyncSGD,6,0.14285714285714285,140,61,1.2868000000715256
,1,AsyncSGD,5,0.16666666666666666,141,61,1.2639381036162376
,1,AsyncSGD,10,0.09090909090909091,142,62,1.2575977504253388
,1,AsyncSGD,1,0.5,143,62,1.2111263304948807
,1,AsyncSGD,13,0.07142857142857142,144,63,1.2088443771004678
,1,AsyncSGD,8,0.1111111111111111,145,63,1.1984212830662728
,1,AsyncSGD,7,0.125,146,63,1.1935775563120843
,1,AsyncSGD,7,0.125,147,64,1.1842039555311203
,1,AsyncSGD,5,0.16666666666666666,148,64,1.1796124666929244
,1,AsyncSGD,3,0.25,149,64,1.1658723562955857
,1,AsyncSGD,12,0.07692307692307693,150,65,1.1621256709098815
,1,AsyncSGD,6,0.14285714285714285,151,65,1.1522729128599167
,1,AsyncSGD,11,0.08333333333333333,152,66,1.149394005537033
,1,AsyncSGD,3,0.25,153,66,1.1335427314043045
,1,AsyncSGD,10,0.09090909090909091,154,67,1.125469534099102
,1,AsyncSGD,8,0.1111111111111111,155,67,1.1181410193443297
,1,AsyncSGD,8,0.1111111111111111,156,67,1.106778110563755
,1,AsyncSGD,8,0.1111111111111111,157,68,1.1030291050672532
,1,AsyncSGD,7,0.125,158,70,1.0958904042840003
,1,AsyncSGD,7,0.125,159,70,1.0872596636414529
,1,AsyncSGD,7,0.125,160,71,1.0741777777671815
,3,Async-LocalSGD,0,1.0,1,1,10.042653775215149
,3,Async-LocalSGD,1,0.5,2,2,6.6736820936203
,3,Async-LocalSGD,2,0.3333333333333333,3,2,5.841875517368317
,3,Async-LocalSGD,3,0.25,4,3,5.06416762471199
,3,Async-LocalSGD,4,0.2,5,3,4.188284200429917
,3,Async-LocalSGD,5,0.16666666666666666,6,5,3.813152453303337
,3,Async-LocalSGD,6,0.14285714285714285,7,5,3.468603125214577
,3,Async-LocalSGD,7,0.125,8,5,3.233555534482002
,3,Async-LocalSGD,5,0.16666666666666666,9,5,3.0579254925251007
,3,Async-LocalSGD,8,0.1111111111111111,10,6,2.794680580496788
,3,Async-LocalSGD,4,0.2,11,6,2.6281801491975783
,3,Async-LocalSGD,2,0.3333333333333333,12,6,2.27580863237381
,3,Async-LocalSGD,8,0.1111111111111111,13,7,2.021748146414757
,3,Async-LocalSGD,8,0.1111111111111111,14,7,1.9247232779860497
,3,Async-LocalSGD,7,0.125,15,7,1.7449300289154053
,3,Async-LocalSGD,3,0.25,16,7,1.5161755457520485
,3,Async-LocalSGD,14,0.06666666666666667,17,8,1.4299984365701675
,3,Async-LocalSGD,7,0.125,18,10,1.3286463290452957
,3,Async-LocalSGD,4,0.2,19,10,1.2731704264879227
,3,Async-LocalSGD,4,0.2,20,10,1.2041985780000686
,3,Async-LocalSGD,4,0.2,21,10,1.1042285069823266
,3,Async-LocalSGD,4,0.2,22,10,1.0111218109726905
,3,Async-LocalSGD,14,0.06666666666666667,23,11,0.9965788006782532
,3,Async-LocalSGD,12,0.07692307692307693,24,11,0.9291491828858852
,3,Async-LocalSGD,11,0.08333333333333333,25,12,0.9066985674202442
,3,Async-LocalSGD,6,0.14285714285714285,26,12,0.838253115862608
,3,Async-LocalSGD,6,0.14285714285714285,27,12,0.7779933050274849
,3,Async-LocalSGD,9,0.1,28,13,0.7266260214149952
,3,Async-LocalSGD,6,0.14285714285714285,29,13,0.6633426010608673
,3,Async-LocalSGD,5,0.16666666666666666,30,14,0.6322589837014675
,3,Async-LocalSGD,9,0.1,31,15,0.5811846539378166
,3,Async-LocalSGD,6,0.14285714285714285,32,15,0.536732467263937
,3,Async-LocalSGD,4,0.2,33,15,0.5195212468504906
,3,Async-LocalSGD,6,0.14285714285714285,34,16,0.4632994379848242
,3,Async-LocalSGD,5,0.16666666666666666,35,16,0.4148013424128294
,3,Async-LocalSGD,4,0.2,36,16,0.3765872213989496
,3,Async-LocalSGD,13,0.07142857142857142,37,17,0.36472514010965823
,3,Async-LocalSGD,11,0.08333333333333333,38,18,0.33794613406062124
,3,Async-LocalSGD,5,0.16666666666666666,39,18,0.3113474026322365
,3,Async-LocalSGD,5,0.16666666666666666,40,18,0.2967951808124781
,3,Async-LocalSGD,10,0.09090909090909091,41,19,0.2691781632602215
,3,Async-LocalSGD,9,0.1,42,20,0.25926345959305763
,3,Async-LocalSGD,6,0.14285714285714285,43,20,0.2516692437231541
,3,Async-LocalSGD,5,0.16666666666666666,44,20,0.24355599638074638
,3,Async-LocalSGD,9,0.1,45,21,0.23093956876546146
,3,Async-LocalSGD,8,0.1111111111111111,46,21,0.22333182040601968
,3,Async-LocalSGD,3,0.25,47,22,0.20006407611072063
,3,Async-LocalSGD,8,0.1111111111111111,48,23,0.1806979864835739
,3,Async-LocalSGD,8,0.1111111111111111,49,23,0.16533212885260581
,3,Async-LocalSGD,8,0.1111111111111111,50,23,0.15100229624658823
,3,Async-LocalSGD,8,0.1111111111111111,51,24,0.14431002009660004
,3,Async-LocalSGD,4,0.2,52,24,0.11898608300834894
,3,Async-LocalSGD,7,0.125,53,25,0.1124243044294417
,3,Async-LocalSGD,4,0.2,54,25,0.10663641411811113
,3,Async-LocalSGD,10,0.09090909090909091,55,26,0.10066631035879255
,3,Async-LocalSGD,5,0.16666666666666666,56,26,0.08943246267735958
,3,Async-LocalSGD,10,0.09090909090909091,57,27,0.08616835298016667
,3,Async-LocalSGD,9,0.1,58,27,0.0832456611096859
,3,Async-LocalSGD,4,0.2,59,27,0.07944476511329412
,3,Async-LocalSGD,7,0.125,60,28,0.07468340238556266
,3,Async-LocalSGD,9,0.1,61,29,0.07092831246554851
,3,Async-LocalSGD,8,0.1111111111111111,62,30,0.06249492447823286
,3,Async-LocalSGD,6,0.14285714285714285,63,31,0.05971862794831395
,3,Async-LocalSGD,6,0.14285714285714285,64,31,0.04907791977748275
,3,Async-LocalSGD,6,0.14285714285714285,65,31,0.04620980536565185
,3,Async-LocalSGD,6,0.14285714285714285,66,31,0.043878682190552354
,3,Async-LocalSGD,11,0.08333333333333333,67,32,0.042645913222804664
,3,Async-LocalSGD,6,0.14285714285714285,68,32,0.040015584183856846
,3,Async-LocalSGD,4,0.2,69,32,0.0367503518704325
,3,Async-LocalSGD,9,0.1,70,34,0.03481355928815901
,3,Async-LocalSGD,7,0.125,71,34,0.03288789000362158
,3,Async-LocalSGD,5,0.16666666666666666,72,34,0.03162458527367562
,3,Async-LocalSGD,10,0.09090909090909091,73,35,0.03054018672555685
,3,Async-LocalSGD,2,0.3333333333333333,74,35,0.02828463106416166
,3,Async-LocalSGD,0,1.0,75,36,0.02077573190908879
,3,Async-LocalSGD,10,0.09090909090909091,76,37,0.01977624996798113
,3,Async-LocalSGD,9,0.1,77,37,0.018262482224963607
,3,Async-LocalSGD,9,0.1,78,37,0.01745636898558587
,3,Async-LocalSGD,9,0.1,79,38,0.016138182603754103
,3,Async-LocalSGD,7,0.125,80,38,0.014828959805890917
,3,Async-LocalSGD,4,0.2,81,38,0.01296003928873688
,3,Async-LocalSGD,11,0.08333333333333333,82,39,0.012012235494330526
,3,Async-LocalSGD,9,0.1,83,39,0.01128344793105498
,3,Async-LocalSGD,6,0.14285714285714285,84,39,0.010789430886507034
,3,Async-LocalSGD,4,0.2,85,41,0.010304817842552438
,3,Async-LocalSGD,3,0.25,86,41,0.009751839214004576
,3,Async-LocalSGD,2,0.3333333333333333,87,41,0.00804427230032161
,3,Async-LocalSGD,12,0.07692307692307693,88,42,0.00785503424704075
,3,Async-LocalSGD,3,0.25,89,42,0.007438618427840993
,3,Async-LocalSGD,2,0.3333333333333333,90,42,0.006664785684552044
,3,Async-LocalSGD,12,0.07692307692307693,91,43,0.006284099176991731
,3,Async-LocalSGD,12,0.07692307692307693,92,43,0.005902122153202072
,3,Async-LocalSGD,2,0.3333333333333333,93,43,0.005470422480721026
,3,Async-LocalSGD,12,0.07692307692307693,94,44,0.005349658208433539
,3,Async-LocalSGD,11,0.08333333333333333,95,44,0.004995984089327976
,3,Async-LocalSGD,3,0.25,96,44,0.004672281199600547
,3,Async-LocalSGD,10,0.09090909090909091,97,45,0.0045183106703916565
,3,Async-LocalSGD,9,0.1,98,45,0.004290239900001325
,3,Async-LocalSGD,9,0.1,99,48,0.004116470622830093
,3,Async-LocalSGD,8,0.1111111111111111,100,49,0.003963358275359497
